<application>
  <component name="ProjectManager">
    <defaultProject>
      <component name="ComposerSettings">
        <execution />
      </component>
      <component name="PropertiesComponent"><![CDATA[{
  "keyToString": {
    "settings.editor.selected.configurable": "preferences.keymap"
  }
}]]></component>
      <component name="WindowStateProjectService">
        <state x="274" y="39" key="SettingsEditor" timestamp="1741518204677">
          <screen x="0" y="0" width="1536" height="816" />
        </state>
        <state x="274" y="39" key="SettingsEditor/0.0.1536.816" timestamp="1741518204677" />
      </component>
    </defaultProject>
  </component>
</application>