<application>
  <component name="Trusted.Paths">
    <option name="TRUSTED_PROJECT_PATHS">
      <map>
        <entry key="$USER_HOME$/ET/GitLab" value="true" />
        <entry key="$USER_HOME$/ET/GitLab/accreditation-site" value="true" />
        <entry key="$USER_HOME$/ET/GitLab/admin-policy-logs" value="true" />
        <entry key="$USER_HOME$/ET/GitLab/admin20" value="true" />
        <entry key="$USER_HOME$/ET/GitLab/attract-participants" value="true" />
        <entry key="$USER_HOME$/ET/GitLab/auth" value="true" />
        <entry key="$USER_HOME$/ET/GitLab/bigbuy" value="true" />
        <entry key="$USER_HOME$/ET/GitLab/blacklist" value="true" />
        <entry key="$USER_HOME$/ET/GitLab/contragent-info" value="true" />
        <entry key="$USER_HOME$/ET/GitLab/crypto-app" value="true" />
        <entry key="$USER_HOME$/ET/GitLab/customer-calendar" value="true" />
        <entry key="$USER_HOME$/ET/GitLab/directory" value="true" />
        <entry key="$USER_HOME$/ET/GitLab/directory/app" value="true" />
        <entry key="$USER_HOME$/ET/GitLab/fabrikant-logs" value="true" />
        <entry key="$USER_HOME$/ET/GitLab/fabrikant-procedure/fabrikant-procedure" value="true" />
        <entry key="$USER_HOME$/ET/GitLab/fabrikant/fabrikant" value="true" />
        <entry key="$USER_HOME$/ET/GitLab/fabrikant20-infomap" value="true" />
        <entry key="$USER_HOME$/ET/GitLab/fabrikant20-storage" value="true" />
        <entry key="$USER_HOME$/ET/GitLab/firm-list" value="true" />
        <entry key="$USER_HOME$/ET/GitLab/import-procedure-questions" value="true" />
        <entry key="$USER_HOME$/ET/GitLab/mailer" value="true" />
        <entry key="$USER_HOME$/ET/GitLab/mchd" value="true" />
        <entry key="$USER_HOME$/ET/GitLab/passport" value="true" />
        <entry key="$USER_HOME$/ET/GitLab/passport/app/vendor/protosoup/passport-client" value="true" />
        <entry key="$USER_HOME$/ET/GitLab/passport/deploy" value="true" />
        <entry key="$USER_HOME$/ET/GitLab/personal-notifications" value="true" />
        <entry key="$USER_HOME$/ET/GitLab/policy-logs" value="true" />
        <entry key="$USER_HOME$/ET/GitLab/private-firms-registry" value="true" />
        <entry key="$USER_HOME$/ET/GitLab/private-office" value="true" />
        <entry key="$USER_HOME$/ET/GitLab/private-preference" value="true" />
        <entry key="$USER_HOME$/ET/GitLab/procedure-questions" value="true" />
        <entry key="$USER_HOME$/ET/GitLab/rnp" value="true" />
        <entry key="$USER_HOME$/ET/GitLab/sending-by-companies" value="true" />
        <entry key="$USER_HOME$/ET/GitLab/site" value="true" />
        <entry key="$USER_HOME$/ET/GitLab/site/fabrikant-docker" value="true" />
        <entry key="$USER_HOME$/ET/GitLab/smb" value="true" />
        <entry key="$USER_HOME$/ET/GitLab/tariff" value="true" />
        <entry key="$USER_HOME$/ET/GitLab/НЭП/ets-applications/44ezt" value="true" />
        <entry key="$USER_HOME$/ET/GitLab/НЭП/ets-applications/classifier" value="true" />
        <entry key="$USER_HOME$/ET/GitLab/НЭП/ets-applications/classifier/module/Api/config" value="true" />
        <entry key="$USER_HOME$/ET/GitLab/НЭП/ets-applications/classifier/vendor/ets/ktru" value="true" />
        <entry key="$USER_HOME$/ET/GitLab/НЭП/ets-applications/integration-members" value="true" />
        <entry key="$USER_HOME$/ET/GitLab/НЭП/ets-applications/notification" value="true" />
        <entry key="$USER_HOME$/ET/GitLab/НЭП/mte-applications/auction94" value="true" />
        <entry key="$USER_HOME$/ET/GitLab/НЭП/mte-applications/sectionks" value="true" />
        <entry key="$USER_HOME$/ET/GitLab/НЭП/mte/mteorganization" value="true" />
        <entry key="$USER_HOME$/ET/GitLab/НЭП/sectionks" value="true" />
        <entry key="$USER_HOME$/ET/site/fabrikant-docker" value="true" />
        <entry key="$USER_HOME$/projects/github/bundles/telegram-bundle" value="true" />
        <entry key="$USER_HOME$/projects/github/karaoke-taxi.ru" value="true" />
        <entry key="$USER_HOME$/projects/github/media-processor" value="true" />
        <entry key="$USER_HOME$/projects/sandbox" value="true" />
        <entry key="A:\WORKSPACE\PROJECTS\api-platform" value="true" />
        <entry key="A:\WORKSPACE\PROJECTS\desctop" value="true" />
        <entry key="A:\WORKSPACE\PROJECTS\karaoke-taxi.ru" value="true" />
        <entry key="A:\WORKSPACE\PROJECTS\remove" value="true" />
        <entry key="A:\WORKSPACE\PROJECTS\z-test-backend-test-task" value="true" />
        <entry key="C:\Workspace\1 PROJECTS\docker-test" value="true" />
        <entry key="C:\Workspace\1_PROJECTS\SYMFONY\__SANDBOX__\drafts" value="true" />
        <entry key="C:\Workspace\1_PROJECTS\api_platform" value="true" />
        <entry key="C:\Workspace\1_PROJECTS\bundles\GrinWay\TelegramBundle" value="true" />
        <entry key="C:\Workspace\1_PROJECTS\docker-test" value="true" />
        <entry key="C:\Workspace\1_PROJECTS\draft" value="true" />
        <entry key="C:\Workspace\1_PROJECTS\draft\bundles\GrinWay\service-bundle" value="true" />
        <entry key="C:\Workspace\1_PROJECTS\draft\bundles\GrinWay\telegram-bundle" value="true" />
        <entry key="C:\Workspace\1_PROJECTS\draft\bundles\GrinWay\web-app-bundle" value="true" />
        <entry key="C:\Workspace\1_PROJECTS\karaoke-taxi.ru" value="true" />
        <entry key="C:\Workspace\1_PROJECTS\karaoke-taxi.ru\bundles\GrinWay\env-processor-bundle" value="true" />
        <entry key="C:\Workspace\1_PROJECTS\karaoke-taxi.ru\bundles\GrinWay\service-bundle" value="true" />
        <entry key="C:\Workspace\SYMFONY\__SANDBOX__\drafts" value="true" />
      </map>
    </option>
  </component>
  <component name="Trusted.Paths.Settings">
    <option name="TRUSTED_PATHS">
      <list>
        <option value="C:\Workspace\SYMFONY\__SANDBOX__" />
        <option value="C:\Workspace\1 PROJECTS" />
        <option value="C:\Workspace\1_PROJECTS" />
        <option value="A:\WORKSPACE\PROJECTS" />
        <option value="$USER_HOME$/ET/GitLab/fabrikant" />
        <option value="$USER_HOME$/ET/GitLab" />
        <option value="$USER_HOME$/projects/github" />
      </list>
    </option>
  </component>
</application>