<application>
  <component name="WebTypesNpmLoader" timestamp="1744279212258">
    <package name="@web-types/bootstrap-vue">
      <version value="2.0.0-rc.20.2" url="https://registry.npmjs.org/@web-types/bootstrap-vue/-/bootstrap-vue-2.0.0-rc.20.2.tgz" />
      <version value="2.0.0-1" url="https://registry.npmjs.org/@web-types/bootstrap-vue/-/bootstrap-vue-2.0.0-1.tgz" />
      <version value="1.5.0-2" url="https://registry.npmjs.org/@web-types/bootstrap-vue/-/bootstrap-vue-1.5.0-2.tgz" />
      <version value="1.4.1-1" url="https://registry.npmjs.org/@web-types/bootstrap-vue/-/bootstrap-vue-1.4.1-1.tgz" />
      <version value="1.4.0-2" url="https://registry.npmjs.org/@web-types/bootstrap-vue/-/bootstrap-vue-1.4.0-2.tgz" />
      <version value="1.3.0-2" url="https://registry.npmjs.org/@web-types/bootstrap-vue/-/bootstrap-vue-1.3.0-2.tgz" />
      <version value="1.2.0-2" url="https://registry.npmjs.org/@web-types/bootstrap-vue/-/bootstrap-vue-1.2.0-2.tgz" />
      <version value="1.1.0-2" url="https://registry.npmjs.org/@web-types/bootstrap-vue/-/bootstrap-vue-1.1.0-2.tgz" />
      <version value="1.0.2-2" url="https://registry.npmjs.org/@web-types/bootstrap-vue/-/bootstrap-vue-1.0.2-2.tgz" />
      <version value="1.0.1-2" url="https://registry.npmjs.org/@web-types/bootstrap-vue/-/bootstrap-vue-1.0.1-2.tgz" />
      <version value="1.0.0-2" url="https://registry.npmjs.org/@web-types/bootstrap-vue/-/bootstrap-vue-1.0.0-2.tgz" />
    </package>
    <package name="@web-types/lit">
      <version value="2.0.0-3" url="https://registry.npmjs.org/@web-types/lit/-/lit-2.0.0-3.tgz" />
    </package>
    <package name="@web-types/quasar">
      <version value="1.1.0-1" url="https://registry.npmjs.org/@web-types/quasar/-/quasar-1.1.0-1.tgz" />
      <version value="1.0.5-1" url="https://registry.npmjs.org/@web-types/quasar/-/quasar-1.0.5-1.tgz" />
      <version value="1.0.0-rc.5.2" url="https://registry.npmjs.org/@web-types/quasar/-/quasar-1.0.0-rc.5.2.tgz" />
      <version value="1.0.0-rc.1.2" url="https://registry.npmjs.org/@web-types/quasar/-/quasar-1.0.0-rc.1.2.tgz" />
      <version value="1.0.0-1" url="https://registry.npmjs.org/@web-types/quasar/-/quasar-1.0.0-1.tgz" />
    </package>
    <package name="@web-types/vue-no-ssr">
      <version value="1.0.0-1" url="https://registry.npmjs.org/@web-types/vue-no-ssr/-/vue-no-ssr-1.0.0-1.tgz" />
    </package>
    <package name="@web-types/vue-router">
      <version value="3.1.0-1" url="https://registry.npmjs.org/@web-types/vue-router/-/vue-router-3.1.0-1.tgz" />
      <version value="3.0.0-1" url="https://registry.npmjs.org/@web-types/vue-router/-/vue-router-3.0.0-1.tgz" />
    </package>
    <enabled>
      <package name="bootstrap-vue" />
      <package name="quasar" />
      <package name="quasar-framework" />
      <package name="vue" />
      <package name="vue-client-only" />
      <package name="vue-no-ssr" />
      <package name="vue-router" />
      <package name="vuetify" />
      <package name="@nuxt/vue-app" />
      <package name="lit" />
    </enabled>
  </component>
</application>