<application>
  <component name="DimensionService">
    <location key="find.popup.0.0.3840.2160@240dpi" x="415" y="15" />
    <location key="find.popup.0.0.3840.2160@192dpi" x="156" y="140" />
    <size key="find.popup.0.0.3840.2160@240dpi" width="1625" height="1440" />
    <size key="GridCell.Tab.0.left.0.0.3840.2160@240dpi" width="3843" height="565" />
    <size key="GridCell.Tab.0.center.0.0.3840.2160@240dpi" width="3843" height="565" />
    <size key="GridCell.Tab.0.right.0.0.3840.2160@240dpi" width="3843" height="565" />
    <size key="GridCell.Tab.0.bottom.0.0.3840.2160@240dpi" width="3843" height="565" />
    <size key="GridCell.Tab.1.left.0.0.3840.2160@240dpi" width="3843" height="565" />
    <size key="GridCell.Tab.1.center.0.0.3840.2160@240dpi" width="3843" height="565" />
    <size key="GridCell.Tab.1.right.0.0.3840.2160@240dpi" width="3843" height="565" />
    <size key="GridCell.Tab.1.bottom.0.0.3840.2160@240dpi" width="3843" height="565" />
    <size key="GridCell.Tab.2.left.0.0.3840.2160@240dpi" width="3843" height="565" />
    <size key="GridCell.Tab.2.center.0.0.3840.2160@240dpi" width="3843" height="565" />
    <size key="GridCell.Tab.2.right.0.0.3840.2160@240dpi" width="3843" height="565" />
    <size key="GridCell.Tab.2.bottom.0.0.3840.2160@240dpi" width="3843" height="565" />
    <size key="find.popup.0.0.3840.2160@192dpi" width="3570" height="1876" />
    <size key="GridCell.Tab.0.left.0.0.3840.2160@192dpi" width="3708" height="690" />
    <size key="GridCell.Tab.0.center.0.0.3840.2160@192dpi" width="3708" height="690" />
    <size key="GridCell.Tab.0.right.0.0.3840.2160@192dpi" width="3708" height="690" />
    <size key="GridCell.Tab.0.bottom.0.0.3840.2160@192dpi" width="3708" height="690" />
    <size key="GridCell.Tab.1.left.0.0.3840.2160@192dpi" width="3708" height="690" />
    <size key="GridCell.Tab.1.center.0.0.3840.2160@192dpi" width="3708" height="690" />
    <size key="GridCell.Tab.1.right.0.0.3840.2160@192dpi" width="3708" height="690" />
    <size key="GridCell.Tab.1.bottom.0.0.3840.2160@192dpi" width="3708" height="690" />
    <size key="GridCell.Tab.2.left.0.0.3840.2160@192dpi" width="3708" height="690" />
    <size key="GridCell.Tab.2.center.0.0.3840.2160@192dpi" width="3708" height="690" />
    <size key="GridCell.Tab.2.right.0.0.3840.2160@192dpi" width="3708" height="690" />
    <size key="GridCell.Tab.2.bottom.0.0.3840.2160@192dpi" width="3708" height="690" />
    <size key="javadoc.popup.new.0.0.3840.2160@192dpi" width="3684" height="1492" />
    <size key="GridCell.Tab.3.left.0.0.3840.2160@192dpi" width="2594" height="954" />
    <size key="GridCell.Tab.3.center.0.0.3840.2160@192dpi" width="2594" height="954" />
    <size key="GridCell.Tab.3.right.0.0.3840.2160@192dpi" width="2594" height="954" />
    <size key="GridCell.Tab.3.bottom.0.0.3840.2160@192dpi" width="2594" height="954" />
    <size key="GridCell.Tab.4.left.0.0.3840.2160@192dpi" width="3116" height="1016" />
    <size key="GridCell.Tab.4.center.0.0.3840.2160@192dpi" width="3116" height="1016" />
    <size key="GridCell.Tab.4.right.0.0.3840.2160@192dpi" width="3116" height="1016" />
    <size key="GridCell.Tab.4.bottom.0.0.3840.2160@192dpi" width="3116" height="1016" />
    <size key="GridCell.Tab.5.left.0.0.3840.2160@192dpi" width="3116" height="1016" />
    <size key="GridCell.Tab.5.center.0.0.3840.2160@192dpi" width="3116" height="1016" />
    <size key="GridCell.Tab.5.right.0.0.3840.2160@192dpi" width="3116" height="1016" />
    <size key="GridCell.Tab.5.bottom.0.0.3840.2160@192dpi" width="3116" height="1016" />
  </component>
  <component name="WindowManager">
    <frame x="66" y="32" width="1854" height="1048" extendedState="6" />
  </component>
  <component name="WindowStateApplicationService">
    <state width="793" height="111" key="ShowUsagesActions.dimensionServiceKey" timestamp="1762356219465">
      <screen x="66" y="32" width="1854" height="1048" />
    </state>
    <state width="793" height="111" key="ShowUsagesActions.dimensionServiceKey/66.32.1854.1048" timestamp="1762356219465" />
  </component>
</application>