<application>
  <component name="DimensionService">
    <location key="find.popup.0.0.3840.2160@240dpi" x="415" y="15" />
    <location key="find.popup.0.0.3840.2160@192dpi" x="154" y="136" />
    <size key="find.popup.0.0.3840.2160@240dpi" width="1625" height="1440" />
    <size key="GridCell.Tab.0.left.0.0.3840.2160@240dpi" width="3843" height="565" />
    <size key="GridCell.Tab.0.center.0.0.3840.2160@240dpi" width="3843" height="565" />
    <size key="GridCell.Tab.0.right.0.0.3840.2160@240dpi" width="3843" height="565" />
    <size key="GridCell.Tab.0.bottom.0.0.3840.2160@240dpi" width="3843" height="565" />
    <size key="GridCell.Tab.1.left.0.0.3840.2160@240dpi" width="3843" height="565" />
    <size key="GridCell.Tab.1.center.0.0.3840.2160@240dpi" width="3843" height="565" />
    <size key="GridCell.Tab.1.right.0.0.3840.2160@240dpi" width="3843" height="565" />
    <size key="GridCell.Tab.1.bottom.0.0.3840.2160@240dpi" width="3843" height="565" />
    <size key="GridCell.Tab.2.left.0.0.3840.2160@240dpi" width="3843" height="565" />
    <size key="GridCell.Tab.2.center.0.0.3840.2160@240dpi" width="3843" height="565" />
    <size key="GridCell.Tab.2.right.0.0.3840.2160@240dpi" width="3843" height="565" />
    <size key="GridCell.Tab.2.bottom.0.0.3840.2160@240dpi" width="3843" height="565" />
    <size key="find.popup.0.0.3840.2160@192dpi" width="1300" height="1152" />
    <size key="GridCell.Tab.0.left.0.0.3840.2160@192dpi" width="3708" height="658" />
    <size key="GridCell.Tab.0.center.0.0.3840.2160@192dpi" width="3708" height="658" />
    <size key="GridCell.Tab.0.right.0.0.3840.2160@192dpi" width="3708" height="658" />
    <size key="GridCell.Tab.0.bottom.0.0.3840.2160@192dpi" width="3708" height="658" />
    <size key="GridCell.Tab.1.left.0.0.3840.2160@192dpi" width="3708" height="658" />
    <size key="GridCell.Tab.1.center.0.0.3840.2160@192dpi" width="3708" height="658" />
    <size key="GridCell.Tab.1.right.0.0.3840.2160@192dpi" width="3708" height="658" />
    <size key="GridCell.Tab.1.bottom.0.0.3840.2160@192dpi" width="3708" height="658" />
    <size key="GridCell.Tab.2.left.0.0.3840.2160@192dpi" width="3708" height="658" />
    <size key="GridCell.Tab.2.center.0.0.3840.2160@192dpi" width="3708" height="658" />
    <size key="GridCell.Tab.2.right.0.0.3840.2160@192dpi" width="3708" height="658" />
    <size key="GridCell.Tab.2.bottom.0.0.3840.2160@192dpi" width="3708" height="658" />
  </component>
  <component name="WindowManager">
    <frame x="66" y="32" width="1854" height="1048" extendedState="6" />
  </component>
  <component name="WindowStateApplicationService">
    <state x="509" y="128" key="FileChooserDialogImpl" timestamp="1750092409917">
      <screen x="0" y="0" width="1536" height="816" />
    </state>
    <state x="509" y="128" key="FileChooserDialogImpl/0.0.1536.816" timestamp="1750092409917" />
    <state width="900" height="111" key="ShowUsagesActions.dimensionServiceKey" timestamp="1751545176458">
      <screen x="66" y="32" width="1854" height="1048" />
    </state>
    <state width="773" height="111" key="ShowUsagesActions.dimensionServiceKey/0.0.1536.816" timestamp="1750093518461" />
    <state width="900" height="111" key="ShowUsagesActions.dimensionServiceKey/66.32.1854.1048" timestamp="1751545176458" />
    <state x="768" y="380" width="800" height="650" key="WELCOME_SCREEN" timestamp="1750092397173">
      <screen x="0" y="0" width="1536" height="816" />
    </state>
    <state x="768" y="380" width="800" height="650" key="WELCOME_SCREEN/0.0.1536.816" timestamp="1750092397173" />
  </component>
</application>