<application>
  <component name="LogHighlightingSettings">
    <highlightingPatterns>
      <LogHighlightingPattern pattern="^\s*(e(rror)?|severe)\s*$" captureGroup="-1" action="HIGHLIGHT_LINE" fg="{&quot;lightRgb&quot;:-39836,&quot;darkRgb&quot;:-39836}" bold="true" uuid="de2d3bb2-78c9-4beb-835e-d483c35c07b6" />
      <LogHighlightingPattern pattern="^\s*w(arn(ing)?)?\s*$" captureGroup="-1" action="HIGHLIGHT_LINE" fg="{&quot;lightRgb&quot;:-6329600,&quot;darkRgb&quot;:-6329600}" bold="true" uuid="11ff1574-2118-4722-905a-61bec89b079e" />
      <LogHighlightingPattern pattern="^\s*i(nfo)?\s*$" captureGroup="-1" action="HIGHLIGHT_LINE" fg="{&quot;lightRgb&quot;:-10316203,&quot;darkRgb&quot;:-10316203}" uuid="5e882ebc-2179-488b-8e1a-2fe488636f36" />
      <LogHighlightingPattern pattern="^\s*notice\s*$" formatId="cfac4fb8-ee2c-489b-915c-ed35465a0ef8" captureGroup="-1" action="HIGHLIGHT_LINE" fg="{&quot;lightRgb&quot;:-8355712,&quot;darkRgb&quot;:-8355712}" uuid="8242eca0-9004-4582-b850-7c115912fc32" />
      <LogHighlightingPattern pattern="^.*error\s*$" formatId="cfac4fb8-ee2c-489b-915c-ed35465a0ef8" captureGroup="-1" action="HIGHLIGHT_LINE" fg="{&quot;lightRgb&quot;:-39836,&quot;darkRgb&quot;:-39836}" bold="true" stripe="true" uuid="8898b86e-0190-4b3d-b5b2-aa4f28fd9d7c" />
      <LogHighlightingPattern pattern="(\d{1,2}-\w+-\d{4})" formatId="cfac4fb8-ee2c-489b-915c-ed35465a0ef8" captureGroup="-1" action="HIGHLIGHT_MATCH" fg="{&quot;lightRgb&quot;:-16741750,&quot;darkRgb&quot;:-16741750}" uuid="28196703-b039-4270-bd58-3bc5fcf72856" />
      <LogHighlightingPattern pattern="(\d{2}:\d{2}:\d{2}[^]]*)" formatId="cfac4fb8-ee2c-489b-915c-ed35465a0ef8" captureGroup="-1" action="HIGHLIGHT_MATCH" fg="{&quot;lightRgb&quot;:-7697920,&quot;darkRgb&quot;:-7697920}" uuid="9da5bc83-cd3e-4b28-a9bc-145ffd3b47dc" />
      <LogHighlightingPattern pattern="^\s*critical\s*$" formatId="c1c8800e-b27c-4433-8d4a-3ec5a28f72a9" captureGroup="-1" action="HIGHLIGHT_LINE" fg="{&quot;lightRgb&quot;:-39836,&quot;darkRgb&quot;:-39836}" bold="true" stripe="true" uuid="f204fa9f-b791-4ca1-979b-1dd9d5c8ce57" />
      <LogHighlightingPattern pattern="^\s*debug\s*$" formatId="c1c8800e-b27c-4433-8d4a-3ec5a28f72a9" captureGroup="-1" action="HIGHLIGHT_LINE" fg="{&quot;lightRgb&quot;:-8355712,&quot;darkRgb&quot;:-8355712}" uuid="057f6bff-5b6f-4d42-8ce7-8434be62de77" />
      <LogHighlightingPattern pattern="(\d{4}-\d{2}-\d{2})" formatId="c1c8800e-b27c-4433-8d4a-3ec5a28f72a9" captureGroup="-1" action="HIGHLIGHT_MATCH" fg="{&quot;lightRgb&quot;:-16741750,&quot;darkRgb&quot;:-16741750}" uuid="700eb0ff-aa6f-4dfa-9b5c-f1856b5e3f5b" />
      <LogHighlightingPattern pattern="(T\d{2}:\d{2}:\d{2}[^]]*)" formatId="c1c8800e-b27c-4433-8d4a-3ec5a28f72a9" captureGroup="-1" action="HIGHLIGHT_MATCH" fg="{&quot;lightRgb&quot;:-7697920,&quot;darkRgb&quot;:-7697920}" uuid="0fdf345b-e63e-4712-a64d-ad4cc30798f1" />
      <LogHighlightingPattern pattern="(\d{4}-\d{2}-\d{2})" formatId="9a75fe1c-24f0-4e5d-8359-ce4dbb9c4c33" captureGroup="-1" action="HIGHLIGHT_MATCH" fg="{&quot;lightRgb&quot;:-16741750,&quot;darkRgb&quot;:-16741750}" uuid="4d2f043e-deb5-492e-a887-ba7cbbd55424" />
      <LogHighlightingPattern pattern="(\d{2}:\d{2}:\d{2})" formatId="9a75fe1c-24f0-4e5d-8359-ce4dbb9c4c33" captureGroup="-1" action="HIGHLIGHT_MATCH" fg="{&quot;lightRgb&quot;:-7697920,&quot;darkRgb&quot;:-7697920}" uuid="9a927329-01dc-456b-bbef-f819171cbb94" />
      <LogHighlightingPattern pattern="(&#10;#\d+)" captureGroup="-1" action="HIGHLIGHT_MATCH" fg="{&quot;lightRgb&quot;:-6850903,&quot;darkRgb&quot;:-6850903}" uuid="500f0f1b-22ba-423c-8042-37bbb8636ccf" />
      <LogHighlightingPattern pattern="^.*error\s*$" formatId="cfac4fb8-ee2c-489b-915c-ed35465a0ef8" captureGroup="-1" action="HIGHLIGHT_LINE" fg="{&quot;lightRgb&quot;:-2088928,&quot;darkRgb&quot;:-39836}" bold="true" uuid="ebea071d-a83b-4473-8534-50a99088fc45" />
      <LogHighlightingPattern pattern="^\s*notice\s*$" captureGroup="-1" action="HIGHLIGHT_LINE" fg="{&quot;lightRgb&quot;:-8355712,&quot;darkRgb&quot;:-8355712}" uuid="6f107f42-017e-49b3-85f1-85d0f5963f7c" />
      <LogHighlightingPattern pattern="^\s*critical\s*$" captureGroup="-1" action="HIGHLIGHT_LINE" fg="{&quot;lightRgb&quot;:-2088928,&quot;darkRgb&quot;:-39836}" bold="true" uuid="590a497a-8f79-42a7-b69f-25c8a12a0791" />
      <LogHighlightingPattern pattern="^\s*debug\s*$" captureGroup="-1" action="HIGHLIGHT_LINE" fg="{&quot;lightRgb&quot;:-8355712,&quot;darkRgb&quot;:-8355712}" uuid="a0f8f2c4-5ac9-4185-a38f-ca6eb2002399" />
    </highlightingPatterns>
    <parsingPatterns>
      <LogParsingPattern enabled="false" name="Pipe-separated" pattern="^(?s)([^|]*)\|([^|]*)\|([^|]*)\|(.*)$" timePattern="HH:mm:ss.SSS" linePattern="^\d" timeId="0" severityId="1" categoryId="2" uuid="b5772998-bf1e-4d9d-ab41-da0b86451163" />
      <LogParsingPattern enabled="false" name="IntelliJ IDEA" pattern="^([^\[]+)(\[[\s\d]+])\s*(\w*)\s*-\s*(\S*)\s*-(.+)$" timePattern="yyyy-MM-dd HH:mm:ss,SSS" linePattern="^\d" timeId="0" severityId="2" categoryId="3" uuid="8a0e8992-94cb-4f4c-8be2-42b03609626b" />
      <LogParsingPattern enabled="false" name="TeamCity build log" pattern="^\[([^]]+)](.):\s*(\[[^]]+])?(.*)$" timePattern="HH:mm:ss" linePattern="^\[" timeId="0" severityId="1" categoryId="2" uuid="e9fa2755-8390-42f5-a41e-a909c58c8cf9" />
      <LogParsingPattern enabled="false" name="Loguru" pattern="^(\d{4}-\d{2}-\d{2}\s\d{2}:\d{2}:\d{2}\.\d{3}\s)\|(\s[A-Z]*\s*)\|(\s.+:.+:\d+\s-\s.*)$" timePattern="yyyy-MM-dd HH:mm:ss.SSS" linePattern="^\d" timeId="0" severityId="1" categoryId="2" uuid="19dd1738-1dc7-4df6-b437-18e0800b7782" />
      <LogParsingPattern enabled="false" name="Logcat" pattern="^(.+)(?:\s+\d*\s+\d*\s+)(V|D|I|W|E)\s([^:]+):(.*)$" timePattern="MM:dd HH:mm:ss.mmm" linePattern="^\d" timeId="0" severityId="1" categoryId="2" uuid="b8fcb4d4-b1b8-4681-90f1-42f7c02aaf67" />
      <LogParsingPattern enabled="false" name="WordPress" pattern="^(\[)([\w\-:\s]+)]\s(\w+)\s([^:]+):\s(.*)$" timePattern="dd-MM-yyyy HH:mm:ss" linePattern="^\[" timeId="1" severityId="3" fullmatch="true" uuid="e67f68f3-8b93-4e9c-a198-a4ba12811075" />
      <LogParsingPattern enabled="false" name="Symfony" pattern="^(\[)([\d\-T:\+\.)]+)\]\s(\w+)\.([A-Z]+):\s(.*)$" timePattern="yyyy-MM-dd'T'HH:mm:ss.SSSSSSXXX" linePattern="^\[" timeId="1" severityId="3" categoryId="2" fullmatch="true" uuid="59ce7340-60c1-4260-a38d-ad80edf2e6d1" />
      <LogParsingPattern enabled="false" name="Laravel" pattern="^(\[)([\d\-: ]*)] (?!:)[\s\S]*?\.(.*?(?=:)): ([\s\S]*?(?=(^\[[\d\-: ]*])|\Z))$" timePattern="yyyy-MM-dd HH:mm:ss" linePattern="^\[\d" timeId="1" severityId="2" fullmatch="true" uuid="c1357cc1-20a3-4751-83f2-99dce86160a1" />
      <LogParsingPattern name="WordPress" pattern="^\[([\w\-:\s]+)]\s(\w+)\s([^:]+):\s(.*)$" timePattern="dd-MM-yyyy HH:mm:ss" linePattern="^\[" timeId="0" severityId="2" uuid="cfac4fb8-ee2c-489b-915c-ed35465a0ef8" />
      <LogParsingPattern name="Symfony" pattern="^\[([\d\-T:\+\.)]+)\]\s(\w+)\.([A-Z]+):\s(.*)$" timePattern="yyyy-MM-dd'T'HH:mm:ss.SSSSSSXXX" linePattern="^\[" timeId="0" severityId="2" categoryId="1" uuid="709d5670-3ee7-46fd-8baf-af40c3fb6f3b" />
      <LogParsingPattern name="Laravel" pattern="^\[([\d\-: ]*)] (?!:)[\s\S]*?\.(.*?(?=:)): ([\s\S]*?(?=(^\[[\d\-: ]*])|\Z))$" timePattern="yyyy-MM-dd HH:mm:ss" linePattern="^\[\d" timeId="0" severityId="1" uuid="b1f4f41b-d1b9-4782-ac27-07ee65710a73" />
    </parsingPatterns>
    <settingsVersion>13</settingsVersion>
    <readonlySizeThreshold>20971520</readonlySizeThreshold>
    <externalParsingPatterns>
      <LogParsingPattern name="WordPress" pattern="^\[([\w\-:\s]+)]\s(\w+)\s([^:]+):\s(.*)$" timePattern="dd-MM-yyyy HH:mm:ss" linePattern="^\[" timeId="0" severityId="2" uuid="cfac4fb8-ee2c-489b-915c-ed35465a0ef8" />
      <LogParsingPattern name="Symfony" pattern="^\[([\d\-T:\+\.)]+)\]\s(\w+)\.([A-Z]+):\s(.*)$" timePattern="yyyy-MM-dd'T'HH:mm:ss.SSSSSSXXX" linePattern="^\[" timeId="0" severityId="2" categoryId="1" uuid="709d5670-3ee7-46fd-8baf-af40c3fb6f3b" />
      <LogParsingPattern name="Laravel" pattern="^\[([\d\-: ]*)] (?!:)[\s\S]*?\.(.*?(?=:)): ([\s\S]*?(?=(^\[[\d\-: ]*])|\Z))$" timePattern="yyyy-MM-dd HH:mm:ss" linePattern="^\[\d" timeId="0" severityId="1" uuid="b1f4f41b-d1b9-4782-ac27-07ee65710a73" />
    </externalParsingPatterns>
    <externalHighlightingPatterns>
      <LogHighlightingPattern pattern="^.*error\s*$" formatId="cfac4fb8-ee2c-489b-915c-ed35465a0ef8" captureGroup="-1" action="HIGHLIGHT_LINE" fg="{&quot;lightRgb&quot;:-2088928,&quot;darkRgb&quot;:-39836}" bold="true" uuid="ebea071d-a83b-4473-8534-50a99088fc45" />
      <LogHighlightingPattern pattern="^\s*notice\s*$" captureGroup="-1" action="HIGHLIGHT_LINE" fg="{&quot;lightRgb&quot;:-8355712,&quot;darkRgb&quot;:-8355712}" uuid="6f107f42-017e-49b3-85f1-85d0f5963f7c" />
      <LogHighlightingPattern pattern="^\s*critical\s*$" captureGroup="-1" action="HIGHLIGHT_LINE" fg="{&quot;lightRgb&quot;:-2088928,&quot;darkRgb&quot;:-39836}" bold="true" uuid="590a497a-8f79-42a7-b69f-25c8a12a0791" />
      <LogHighlightingPattern pattern="^\s*debug\s*$" captureGroup="-1" action="HIGHLIGHT_LINE" fg="{&quot;lightRgb&quot;:-8355712,&quot;darkRgb&quot;:-8355712}" uuid="a0f8f2c4-5ac9-4185-a38f-ca6eb2002399" />
    </externalHighlightingPatterns>
  </component>
</application>