<application>
  <component name="CachedDictionaryState">
    <words>
      <w>dateinterval</w>
      <w>dunglas</w>
      <w>failover</w>
      <w>fqcn</w>
      <w>froms</w>
      <w>getenv</w>
      <w>getmyid</w>
      <w>grinway</w>
      <w>hasher</w>
      <w>inversed</w>
      <w>kassa</w>
      <w>koblitskiy</w>
      <w>maxlifetime</w>
      <w>mercure</w>
      <w>namer</w>
      <w>supposal</w>
      <w>swapoff</w>
      <w>swapon</w>
      <w>tablist</w>
      <w>timestampdiff</w>
      <w>variabl</w>
      <w>vich</w>
      <w>админов</w>
      <w>новосозданные</w>
    </words>
  </component>
</application>