<application>
  <component name="Trusted.Paths">
    <option name="TRUSTED_PROJECT_PATHS">
      <map>
        <entry key="$USER_HOME$/ET/GitLab/admin20" value="true" />
        <entry key="$USER_HOME$/ET/GitLab/fabrikant/fabrikant" value="true" />
        <entry key="$USER_HOME$/ET/GitLab/passport/deploy" value="true" />
        <entry key="$USER_HOME$/ET/GitLab/site/fabrikant-docker" value="true" />
        <entry key="$USER_HOME$/ET/site/fabrikant-docker" value="true" />
        <entry key="A:\WORKSPACE\PROJECTS\api-platform" value="true" />
        <entry key="A:\WORKSPACE\PROJECTS\desctop" value="true" />
        <entry key="A:\WORKSPACE\PROJECTS\karaoke-taxi.ru" value="true" />
        <entry key="A:\WORKSPACE\PROJECTS\remove" value="true" />
        <entry key="A:\WORKSPACE\PROJECTS\z-test-backend-test-task" value="true" />
        <entry key="C:\Workspace\1 PROJECTS\docker-test" value="true" />
        <entry key="C:\Workspace\1_PROJECTS\SYMFONY\__SANDBOX__\drafts" value="true" />
        <entry key="C:\Workspace\1_PROJECTS\api_platform" value="true" />
        <entry key="C:\Workspace\1_PROJECTS\bundles\GrinWay\TelegramBundle" value="true" />
        <entry key="C:\Workspace\1_PROJECTS\docker-test" value="true" />
        <entry key="C:\Workspace\1_PROJECTS\draft" value="true" />
        <entry key="C:\Workspace\1_PROJECTS\draft\bundles\GrinWay\service-bundle" value="true" />
        <entry key="C:\Workspace\1_PROJECTS\draft\bundles\GrinWay\telegram-bundle" value="true" />
        <entry key="C:\Workspace\1_PROJECTS\draft\bundles\GrinWay\web-app-bundle" value="true" />
        <entry key="C:\Workspace\1_PROJECTS\karaoke-taxi.ru" value="true" />
        <entry key="C:\Workspace\1_PROJECTS\karaoke-taxi.ru\bundles\GrinWay\env-processor-bundle" value="true" />
        <entry key="C:\Workspace\1_PROJECTS\karaoke-taxi.ru\bundles\GrinWay\service-bundle" value="true" />
        <entry key="C:\Workspace\SYMFONY\__SANDBOX__\drafts" value="true" />
      </map>
    </option>
  </component>
  <component name="Trusted.Paths.Settings">
    <option name="TRUSTED_PATHS">
      <list>
        <option value="C:\Workspace\SYMFONY\__SANDBOX__" />
        <option value="C:\Workspace\1 PROJECTS" />
        <option value="C:\Workspace\1_PROJECTS" />
        <option value="A:\WORKSPACE\PROJECTS" />
        <option value="$USER_HOME$/ET/GitLab/fabrikant" />
        <option value="$USER_HOME$/ET/GitLab" />
      </list>
    </option>
  </component>
</application>