<application>
  <component name="DimensionService">
    <location key="find.popup.0.0.3840.2160@240dpi" x="415" y="15" />
    <size key="find.popup.0.0.3840.2160@240dpi" width="2110" height="2025" />
  </component>
  <component name="WindowManager">
    <frame x="-15" y="-15" width="3865" height="2065" extendedState="6" />
  </component>
  <component name="WindowStateApplicationService">
    <state width="782" height="144" key="ShowUsagesActions.dimensionServiceKey" timestamp="1745086997293">
      <screen x="0" y="0" width="1536" height="816" />
    </state>
    <state width="782" height="144" key="ShowUsagesActions.dimensionServiceKey/0.0.1536.816" timestamp="1745086997293" />
  </component>
</application>