<application>
  <component name="DimensionService">
    <location key="find.popup.0.0.3840.2160@240dpi" x="1120" y="85" />
    <size key="find.popup.0.0.3840.2160@240dpi" width="1625" height="1955" />
  </component>
  <component name="WindowManager">
    <frame x="-15" y="-15" width="3873" height="2073" extendedState="6" />
  </component>
  <component name="WindowStateApplicationService">
    <state x="550" y="128" key="FileChooserDialogImpl" timestamp="1733055008165">
      <screen x="0" y="0" width="1536" height="816" />
    </state>
    <state x="550" y="128" key="FileChooserDialogImpl/0.0.1536.816" timestamp="1733055008165" />
    <state width="1467" height="116" key="ShowUsagesActions.dimensionServiceKey" timestamp="1741516544349">
      <screen x="0" y="0" width="1536" height="816" />
    </state>
    <state width="1467" height="116" key="ShowUsagesActions.dimensionServiceKey/0.0.1536.816" timestamp="1741516544349" />
  </component>
</application>